,Entrez_Gene_Id,counts,Perc_Bi_Allelic,Density
0,673,480.0,0.508333333333,1298.9
259,4893,54.0,0.5,1736.6
297,3265,24.0,0.541666666667,1824.5
918,3845,4.0,0.5,1794.8
1020,207,4.0,0.5,1572.9
2097,5290,2.0,0.5,1035.3
